{
  "name": "bone",
  "from": [364.96906,145.81265],
  "to":   [415.7291,772.13312],
  "paths": [
    ["m",[417.22241,468.06112],"c",[-2.3744,-87.1344],[-39.33751,-229.09211],[-10.39695,-259.29022],[17.35904,-10.48063],[50.61546,-11.01922],[50.91976,-40.99098],[-0.30051,-18.91052],[9.22159,-35.2479],[-29.33462,-61.80956],[-28.43171,-15.669632],[-49.58372,-2.84744],[-42.71857,9.15398],[21.31094,27.26451],[19.22208,32.47371],[6.91708,49.39485],[-4.74651,14.91759],[-29.29347,24.51507],[-39.46456,9.59747],[-12.39862,-15.1831],[-21.26489,-35.02194],[-32.54749,-55.94099],[-14.57856,-21.457702],[-36.61592,-6.10266],[-36.61592,-6.10266],[-21.98761,19.09096],[-23.51566,26.97727],[-10.17109,69.16341],[12.79525,15.18197],[29.51355,18.59481],[44.75279,26.44483],[53.29062,35.69089],[42.23347,166.16381],[54.28595,260.07324],[3.7294,81.70775],[35.09859,219.23534],[6.74059,247.46409],[-22.92411,18.07325],[-23.50751,34.24516],[-17.29085,49.83834],[8.83558,18.29635],[14.71693,38.25445],[42.71857,45.76989],[10.84916,3.03137],[21.69832,2.68585],[32.54748,2.03422],[26.24103,-0.98347],[24.77961,-21.65027],[28.47905,-38.65013],[-4.09233,-57.51403],[-29.88898,-44.25313],[-46.78701,-60.00943],"z"]
  ]
}