{
  "name": "coin-front",
  "from": [364.96906,145.81265],
  "to":   [415.7291,772.13312],

  "paths": [
    ["m", [333.82366,348.87427], "c", [-75.43245,6.15357], [-112.68353,44.68556], [-137.43544,93.81703], [-11.74783,25.23925], [-16.7997,122.02661], [34.65764,163.3111], [ 33.02258,21.01778], [ 60.30211,46.40879], [ 136.24034,34.74705], [ 52.82509,-14.37571], [ 91.5925,-47.8446], [ 107.55815,-111.19054], [ 8.16056,-54.89805], [ -2.24002,-102.60062], [ -41.82818,-138.98819], [ -34.81439,-29.16497], [ -64.63692,-42.62924], [ -99.19251,-41.69645], "z"],
    ["m",[334.9304,362.55737],"c",[-65.6842,5.6151],[-98.12127,40.77537],[-119.67445,85.60764],[-10.22964,23.0307],[-14.62865,111.34876],[30.17878,149.02071],[28.75503,19.17862],[52.5092,42.34782],[118.6338,31.70652],[45.99845,-13.11777],[79.75588,-43.65799],[93.65827,-101.4609],[7.10596,-50.09425],[-1.95054,-93.62263],[-36.42267,-126.82615],[-30.31528,-26.61291],[-56.28379,-38.89899],[-86.37373,-38.04782],"z"],
    ["m",[385.79705,429.96817],"c",[-7.43798,-13.4751],[-20.51519,-15.07997],[-32.74746,-21.89653],[-0.59535,-7.42943],[0.54866,-14.85885],[6.5038,-22.28828],[-9.50826,5.26625],[-19.01652,2.82864],[-28.52478,1.83969],[8.08967,5.34536],[13.23575,10.24721],[8.19683,23.25091],[-18.18446,5.93041],[-46.34112,5.83278],[-35.06368,46.10644],[4.75033,24.61462],[83.36453,100.95741],[29.28622,111.88949],[-2.03298,0.41097],[4.67613,-27.79614],[2.35284,-27.02129],[-6.71376,2.23914],[-12.40678,-1.6955],[-14.57871,-1.28742],[0.46085,0.14096],[7.05568,27.84843],[0.1411,27.23032],[-22.24008,-1.98809],[-36.29422,-33.97993],[-35.34678,-42.3452],[-5.27629,-2.35937],[-9.43903,-2.7277],[-10.32601,4.78887],[2.4609,31.35243],[18.07608,44.41572],[45.45687,51.51778],[4.51257,6.87752],[-2.44155,12.32171],[-6.06092,18.18274],[9.13497,-1.80231],[18.09758,-4.46644],[28.28427,-1.01015],[-4.14571,-5.38748],[-13.83836,-9.95187],[-8.08122,-16.16244],[8.47656,-8.45276],[54.78825,-18.45754],[40.85507,-46.99079],[-15.5712,-35.33582],[-46.5957,-58.83256],[-54.9972,-84.32904],[-4.24694,-19.8446],[7.27747,-27.42249],[19.08346,-28.12881],[5.01855,-0.30025],[-3.0258,24.39291],[1.67724,36.08614],[1.86621,4.63998],[9.67635,0.0961],[15.94151,-0.21282],[-5.37484,-15.28196],[-7.74343,-37.55903],[-2.29947,-36.40491],[8.84457,1.87505],[19.83284,11.65133],[25.19626,21.58933],[6.85515,-0.68715],[10.0091,-3.63622],[5.05076,-14.40403],"z"]
  ]

}