{
  "name": "skull",
  "from": [366.0,82.775391],
  "to":   [366.0,372.75671],

  "paths": [
    ["m",[222.95377,340.54255],"c",[-7.45599,0.30614],[-6.2751,-16.66147],[-7.30292,-29.21167],[-0.89054,-6.55557],[-9.02125,-13.31708],[-9.02125,-13.31708],[-6.59681,-26.28853],[-7.09477,-53.79683],[-8.16208,-81.19126],[0.92446,-37.33205],[42.37227,-89.92272],[50.36944,-93.7401],[2.83806,-1.08316],[5.07397,-1.6351],[6.76515,-3.34575],[3.97402,-4.57463],[6.97152,-9.8906],[12.45791,-13.31708],[23.05431,-14.785095],[38.37612,-19.034295],[59.71209,-25.775002],[15.9147,-6.287149],[37.51053,-6.209379],[77.32501,4.725417],[16.80729,1.336925],[31.29601,8.856687],[44.67668,19.331255],[39.21594,23.05835],[38.69721,23.61105],[52.40917,40.81042],[18.28665,27.44003],[30.07269,26.55567],[23.1975,124.14959],[-3.90676,10.88278],[-4.2968,19.18806],[-3.43667,28.78209],[-0.39905,12.63929],[-4.97997,18.33289],[-9.88042,25.34542],[-6.70625,14.10486],[-3.74736,22.40594],[-6.44375,25.34542],[7.45545,12.77906],[5.2248,14.25768],[6.44375,19.76083],[0.22103,9.02957],[-3.36794,12.97913],[-6.44375,17.61292],[-2.26394,4.43903],[-7.14902,8.87806],[-11.59875,13.31709],[-2.48256,1.38369],[-5.52144,2.21105],[-9.45083,2.14791],[-4.95516,24.89357],[-15.06713,35.05341],[-12.8875,80.33209],[-3.43715,9.92831],[-1.79034,18.16197],[-2.14792,27.06376],[0.38931,2.13986],[0.1041,4.14482],[-5.155,5.155],[-15.16031,8.51246],[-24.61285,17.84031],[-31.78917,27.49333],[-10.28912,-0.10341],[-25.12435,14.63684],[-38.23292,19.33126],[-12.70683,1.51893],[-25.66777,-3.88391],[-43.8175,2.14791],[-5.2982,2.11563],[-10.59639,1.27568],[-15.89459,0],[-9.31169,-7.05886],[-15.98698,-17.63292],[-28.3525,-20.62],[-8.87187,-6.41889],[-0.55758,6.49665],[-33.93709,-27.49334],[-6.66581,-1.13101],[-13.35196,-2.22137],[-18.90167,-5.58458],[-6.87416,-3.69375],[-9.10844,-11.09941],[-10.31,-19.33125],[1.58517,-22.97861],[16.94164,6.22875],[-0.85917,-90.21251],[-11.52389,-8.85041],[-23.79399,-15.8353],[-30.93,-35.65542],[-3.03841,-8.01889],[7.47885,-16.03778],[11.59875,-24.05667],"z"],
    ["m",[369.97868,411.10162],"c",[-14.09468,1.26003],[-23.4507,-6.85815],[-28.67469,-21.90875],[-3.17269,-10.47513],[-1.49761,-25.98823],[5.04761,-30.28563],[1.96777,-3.47462],[-1.49425,-12.8079],[0.53698,-14.71323],[4.54096,-3.04507],[5.89125,-6.37837],[9.02125,-9.98782],[-0.26371,-4.16602],[-0.18978,-9.85775],[3.11448,-9.88041],[1.53164,1.97662],[2.6251,1.70653],[5.26239,2.5775],[4.28623,-0.35576],[7.17525,-1.41405],[9.77303,-0.85917],[-0.56972,4.97617],[-1.52765,9.45763],[-1.18136,14.17625],[4.39748,3.62768],[7.2726,6.64642],[8.80646,9.12865],[0.78842,5.73587],[0.95906,10.78927],[-0.32219,17.07594],[2.6133,0.4412],[5.2266,1.46888],[7.8399,4.18844],[0.0666,8.43455],[0.9722,17.02164],[-1.93313,24.91583],[-4.44516,6.21769],[-7.61697,12.39821],[-17.29073,15.5724],"z"],
    ["m",[342.7011,322.66071],"c",[-8.80512,10.75853],[-22.01401,17.11328],[-35.52938,23.16156],[-23.18737,6.24105],[-41.10161,6.54984],[-49.92102,-3.37305],[-3.87313,-4.83711],[-6.43738,-15.7823],[-4.94713,-45.6485],[12.74957,-12.81321],[32.22432,-24.29026],[59.81528,-24.96052],[8.0895,1.203],[16.90132,5.05453],[28.55843,19.33878],[5.08562,17.99262],[2.52664,22.98945],[2.02382,31.48173],"z"],
    ["m",[430.4002,355.94139],"c",[-44.05877,-15.02521],[-31.06032,-36.57125],[-36.65372,-55.9925],[-2.01294,-6.85912],[12.12081,-25.93409],[34.40503,-23.83617],[23.09751,8.65795],[41.74907,17.58535],[45.19877,27.43408],[-3.48103,16.09117],[2.81875,34.75625],[-11.01861,48.12207],[-9.00793,5.24125],[-19.33161,7.41242],[-31.93147,4.27252],"z"],
    ["m",[428.37638,442.96589],"c",[1.12849,-1.64904],[1.78531,-3.29809],[1.12435,-4.94713],[-12.71067,-26.9434],[14.12944,-26.56564],[19.78851,-28.55843],[0.0972,32.98898],[-12.014,53.28127],[-26.75947,70.83389],[-6.33172,7.51887],[-15.1085,12.94197],[-25.63512,16.86521],[-19.67759,1.01638],[-38.18164,5.84674],[-60.04015,-0.22487],[-13.43125,-7.84235],[-28.09329,-13.22315],[-39.35217,-25.41025],[-2.57004,-3.67287],[-2.25818,-8.02034],[-1.57408,-11.69321],[-7.08326,-4.61006],[-10.86207,-15.16814],[-15.06626,-24.96052],[-3.25706,-8.94388],[-4.79753,-20.46266],[-6.97095,-31.03199],[8.5682,0.8459],[16.95426,-6.14023],[26.08486,18.88904],[-3.70388,5.73288],[-5.35606,11.05542],[-6.07148,16.19061],[0.13215,3.09689],[1.92517,3.97931],[3.82279,4.72225],[42.4109,0.28128],[59.39569,11.86305],[130.64917,-0.6746],"z"],
    ["m",[297.27747,442.96589],"c",[45.9213,10.75155],[89.89035,13.04335],[130.4243,0.44974],[1.56475,5.54678],[-0.021,11.09356],[-0.67461,16.64034],[-38.42607,22.49157],[-81.13549,25.07815],[-129.74969,0.22487],[-1.68395,-5.43486],[-1.30407,-11.28249],[0,-17.31495],"z"]
  ]
}